"ip","total","bad_isp","trusted_isp","reports","details"
"94.31.29.154",1,"false","false","Hacking 1","Who Date Comment Categories; Anon Oct 12, 2015 no comment Hacking"
"204.2.197.211",0,"false","false","",""
"199.27.76.249",0,"false","false","",""
"199.96.57.8",0,"false","false","",""
"23.235.39.249",0,"false","false","",""
"209.222.129.122",0,"false","false","",""
"205.251.72.172",0,"false","false","",""
"192.229.163.37",0,"false","false","",""
"204.2.197.201",0,"false","false","",""
"74.121.142.74",0,"false","false","",""
"72.30.202.150",0,"false","false","",""
"108.168.173.90",0,"true","false","",""
"74.119.118.84",0,"false","false","",""
"104.16.23.235",0,"false","false","",""
"104.16.24.235",0,"false","false","",""
"66.235.138.195",0,"false","false","",""
"199.233.57.13",0,"false","false","",""
"173.245.2.213",0,"false","false","",""
"63.135.90.143",0,"false","false","",""
"23.235.46.67",0,"false","false","",""
"74.119.118.74",0,"false","false","",""
"162.208.21.166",0,"false","false","",""
"209.208.126.235",0,"false","false","",""
"66.151.69.138",0,"true","false","",""
"93.184.216.180",1,"false","false","Port scan 1","Who Date Comment Categories; Anon May  6, 2015 DOS Attack: FIN Port scan"
"54.84.145.193",0,"true","false","",""
"85.93.89.126",4,"false","false","DDoS 1, Port scan 2, Hacking 3","Who Date Comment Categories; GreenSnow Sep 28, 2015 UDP_IN 2015-09-28 02:10:08 [""*060""]
UDP_IN 2015-09-28 01:50:05 [""*060""]
UDP_IN 2015-09-28 01:49:48 [""*060""]
UDP_IN 2015-09-10 05:12:51 [""*060""]
UDP_IN 2015-09-10 04:53:34 [""*060""]
UDP_IN 2015-09-10 04:53:23 [""*060""]
UDP_IN 2015-09-06 03:24:54 [""*060""]
UDP_IN 2015-09-06 03:23:23 [""*060""]
UDP_IN 2015-08-23 21:25:28 [""*060""]
UDP_IN 2015-08-13 00:59:08 [""*060""]
UDP_IN 2015-08-13 00:58:01 [""*060""]
UDP_IN 2015-08-01 23:51:00 [""*060""]
UDP_IN 2015-08-01 23:50:00 [""*060""]
UDP_IN 2015-07-31 05:14:02 [""*060""]
UDP_IN 2015-07-31 04:06:03 [""*060""]
UDP_IN 2015-07-31 04:05:52 [""*060""]
 -----------------------------------------------
https://greensnow.co/view/85.93.89.126 Hacking; Anon Sep 22, 2015 scanning my ports DDoS, Hacking; Anon Sep 14, 2015 no comment Hacking, Port scan; Anon Aug  5, 2015 no comment Port scan"
